[{"id":"963455e7.19dc28","type":"tab","label":"フロー 1","disabled":false,"info":""},{"id":"518342b9.9a744c","type":"ui_tab","z":"","name":"DashBorad","icon":"dashboard","order":1,"disabled":false,"hidden":false},{"id":"cf340120.db266","type":"ui_base","theme":{"name":"theme-dark","lightTheme":{"default":"#0094CE","baseColor":"#0094CE","baseFont":"-apple-system,BlinkMacSystemFont,Segoe UI,Roboto,Oxygen-Sans,Ubuntu,Cantarell,Helvetica Neue,sans-serif","edited":true,"reset":false},"darkTheme":{"default":"#097479","baseColor":"#097479","baseFont":"-apple-system,BlinkMacSystemFont,Segoe UI,Roboto,Oxygen-Sans,Ubuntu,Cantarell,Helvetica Neue,sans-serif","edited":true,"reset":false},"customTheme":{"name":"Untitled Theme 1","default":"#4B7930","baseColor":"#4B7930","baseFont":"-apple-system,BlinkMacSystemFont,Segoe UI,Roboto,Oxygen-Sans,Ubuntu,Cantarell,Helvetica Neue,sans-serif","reset":false},"themeState":{"base-color":{"default":"#097479","value":"#097479","edited":false},"page-titlebar-backgroundColor":{"value":"#097479","edited":false},"page-backgroundColor":{"value":"#111111","edited":false},"page-sidebar-backgroundColor":{"value":"#000000","edited":false},"group-textColor":{"value":"#0eb8c0","edited":false},"group-borderColor":{"value":"#555555","edited":false},"group-backgroundColor":{"value":"#333333","edited":false},"widget-textColor":{"value":"#eeeeee","edited":false},"widget-backgroundColor":{"value":"#097479","edited":false},"widget-borderColor":{"value":"#333333","edited":false},"base-font":{"value":"-apple-system,BlinkMacSystemFont,Segoe UI,Roboto,Oxygen-Sans,Ubuntu,Cantarell,Helvetica Neue,sans-serif"}},"angularTheme":{"primary":"indigo","accents":"blue","warn":"red","background":"grey"}},"site":{"name":"Node-RED ダッシュボード","hideToolbar":"false","allowSwipe":"false","lockMenu":"false","allowTempTheme":"true","dateFormat":"YYYY/MM/DD","sizes":{"sx":48,"sy":48,"gx":6,"gy":6,"cx":6,"cy":6,"px":0,"py":0}}},{"id":"8b78a62c.13dd08","type":"ui_group","z":"","name":"Group 1","tab":"a2afd5ce.23f1a8","order":1,"disp":false,"width":"20","collapse":false},{"id":"a2afd5ce.23f1a8","type":"ui_tab","z":"","name":"[Vega] Example Gallery","icon":"dashboard","order":4,"disabled":false,"hidden":false},{"id":"4364eed6.23aef","type":"ui_group","z":"","name":"Group 1","tab":"d8f8b472.8f0678","order":1,"disp":false,"width":"10","collapse":false},{"id":"d8f8b472.8f0678","type":"ui_tab","z":"","name":"[Vega-Lite] Line & Bar Chart","icon":"dashboard","order":3,"disabled":false,"hidden":false},{"id":"a2432074.1c2b3","type":"ui_tab","z":"","name":"Settings","icon":"dashboard","order":2,"disabled":false,"hidden":false},{"id":"dea18ef.957917","type":"ui_group","z":"","name":"Group 1","tab":"a2432074.1c2b3","order":1,"disp":false,"width":"6","collapse":false},{"id":"8fe720de.908d7","type":"ui_group","z":"","name":"Group 1","tab":"8dc88ec2.1b7a9","order":1,"disp":false,"width":"7","collapse":false},{"id":"8dc88ec2.1b7a9","type":"ui_tab","z":"","name":"DashBorad","icon":"dashboard","order":1,"disabled":false,"hidden":false},{"id":"9d3f83c4.767b","type":"ui_group","z":"","name":"Group 1","tab":"2c4fce87.f0daf2","order":1,"disp":false,"width":"20","collapse":false},{"id":"2c4fce87.f0daf2","type":"ui_tab","z":"","name":"[Vega] Example Gallery","icon":"dashboard","order":5,"disabled":false,"hidden":false},{"id":"b09a1804.2381c8","type":"ui_group","z":"","name":"Group 1","tab":"72c533dc.ae90fc","order":1,"disp":false,"width":"10","collapse":false},{"id":"72c533dc.ae90fc","type":"ui_tab","z":"","name":"[Vega-Lite] Line & Bar Chart","icon":"dashboard","order":4,"disabled":false,"hidden":false},{"id":"6323b143.96d3a","type":"ui_tab","z":"","name":"Settings","icon":"dashboard","order":3,"disabled":false,"hidden":false},{"id":"cdc071b8.80372","type":"ui_group","z":"","name":"Group 1","tab":"6323b143.96d3a","order":1,"disp":false,"width":"6","collapse":false},{"id":"5918b7f0.9d27e8","type":"ui_tab","z":"","name":"Ranking","icon":"dashboard","order":2,"disabled":false,"hidden":false},{"id":"86fb0a24.c01108","type":"ui_group","z":"","name":"Group 1","tab":"5918b7f0.9d27e8","order":1,"disp":false,"width":"6","collapse":false},{"id":"238613f9.a7fdac","type":"comment","z":"963455e7.19dc28","name":"CSVファイル読み込み","info":"","x":170,"y":880,"wires":[]},{"id":"83ea944d.abd3a8","type":"comment","z":"963455e7.19dc28","name":"シャッター周期入力","info":"","x":190,"y":160,"wires":[]},{"id":"39c8b334.0f006c","type":"comment","z":"963455e7.19dc28","name":"綺麗度閾値設定","info":"","x":179.9999542236328,"y":198.99998474121094,"wires":[]},{"id":"4762cffb.3a086","type":"comment","z":"963455e7.19dc28","name":"綺麗度グラフ化","info":"","x":1700,"y":1100,"wires":[]},{"id":"644aa836.5d8cc8","type":"file in","z":"963455e7.19dc28","name":"","filename":"","format":"utf8","chunk":false,"sendError":true,"encoding":"Shift_JIS","x":1010,"y":960,"wires":[["ddca2dfd.e6ed4","1911e342.09630d","aa0a35d.2659ac8"]]},{"id":"ddca2dfd.e6ed4","type":"csv","z":"963455e7.19dc28","name":"","sep":",","hdrin":false,"hdrout":"","multi":"mult","ret":"\\n","temp":"timestamp,cleanliness","skip":"0","x":1219.0000190734863,"y":960.5000042915344,"wires":[["6dbe9e0c.2f75f","e7de5f8.f4bf5a"]]},{"id":"1911e342.09630d","type":"function","z":"963455e7.19dc28","name":"ディレクトリerror時","func":"if(msg.hasOwnProperty(\"error\")){\n    msg.payload = \"\";\n    return msg;\n}else{\n    return null;\n}\n","outputs":1,"noerr":0,"x":1294.26655960083,"y":893.3333783149719,"wires":[["952384a4.5b2d58"]]},{"id":"952384a4.5b2d58","type":"ui_toast","z":"963455e7.19dc28","position":"dialog","displayTime":"3","highlight":"","outputs":1,"ok":"OK","cancel":"","topic":"csvファイルがありません","name":"","x":1500.1999206542969,"y":892.6333012580872,"wires":[[]]},{"id":"fd53b4e2.c5d6b8","type":"inject","z":"963455e7.19dc28","name":"","topic":"","payload":"","payloadType":"date","repeat":"","crontab":"","once":true,"onceDelay":0.1,"x":220,"y":1020,"wires":[["392049ef.bc5e96"]]},{"id":"6dbe9e0c.2f75f","type":"function","z":"963455e7.19dc28","name":"global格納","func":"//global格納\n\ndata = msg.payload;\nglobal.set(\"cleanliness\",data)\n\n//グラフに渡すデータ生成\ndata_time=[];\ndata_cleanliness=[];\n\nfor(var i=0;i<msg.payload.length;i++){\n    data_time[i]=msg.payload[i].timestamp;\n    data_cleanliness[i]=msg.payload[i].cleanliness.toFixed(2);\n    data[i].cleanliness = data_cleanliness[i]\n    \n}\n\nmsg.timestamp = data_time;\nmsg.cleanliness = data_cleanliness;\n\nreturn msg;","outputs":1,"noerr":0,"x":1440,"y":960,"wires":[["3b5e0ad1.e51c26","cd2639cc.1804c8","ea467d96.cbd9d","ca605a4f.496268"]]},{"id":"1ad35f15.61a7c1","type":"inject","z":"963455e7.19dc28","name":"","topic":"","payload":"","payloadType":"date","repeat":"","crontab":"","once":true,"onceDelay":0.1,"x":253.9999542236328,"y":280.99998664855957,"wires":[["ca659d7a.466a"]]},{"id":"ca659d7a.466a","type":"file in","z":"963455e7.19dc28","name":"設定ファイル読み込み","filename":"settings.json","format":"utf8","chunk":false,"sendError":false,"x":509.0000762939453,"y":281.99998474121094,"wires":[["d27f8205.bfd08","9c9c2afb.e95c78"]]},{"id":"d27f8205.bfd08","type":"json","z":"963455e7.19dc28","name":"","property":"payload","action":"obj","pretty":false,"x":710,"y":280,"wires":[["3dc00946.fafd76","e34b35ad.b88b88","b4f5ac96.b9de5","7951f45e.653b2c","3e0b6de8.209c52","248a04c8.7cf3ac","d00c9395.4be36","77117f07.b812c","ecf336f4.3d20f8"]]},{"id":"b217bd54.69446","type":"function","z":"963455e7.19dc28","name":"グローバル変数読み込み","func":"var shoot_interval = global.get(\"Shoot_interval\");\nvar threshold = global.get(\"Threshold\");\nvar sound_notify = global.get(\"Sound_notify\");\nvar email_notify = global.get(\"Email_notify\");\nvar email_adress = global.get(\"Email_adress\");\nvar data_path = global.get(\"Data_path\");\nvar image_path = global.get(\"Image_path\");\nvar refresh_interval = global.get(\"Refresh_interval\");\n\nmsg.payload ={\n    \"shoot_interval\":shoot_interval,\n    \"threshold\":threshold,\n    \"sound_notify\":sound_notify,\n    \"email_notify\":email_notify,\n    \"email_adress\":email_adress,\n    \"data_path\":data_path,\n    \"image_path\":image_path,\n    \"refresh_interval\":refresh_interval\n    \n    \n    \n}\n\nreturn msg;","outputs":1,"noerr":0,"x":1890,"y":280,"wires":[["38da6cb2.2bed84","4242b791.dc0378"]]},{"id":"38da6cb2.2bed84","type":"file","z":"963455e7.19dc28","name":"設定ファイル書き出し","filename":"./settings.json","appendNewline":true,"createDir":true,"overwriteFile":"true","x":2180,"y":280,"wires":[["dc9eaf4c.2ff3b","377ff4bb.4597dc"]]},{"id":"4242b791.dc0378","type":"debug","z":"963455e7.19dc28","name":"","active":true,"tosidebar":true,"console":false,"tostatus":false,"complete":"true","targetType":"full","x":2124.9998779296875,"y":450.00000190734863,"wires":[]},{"id":"dc9eaf4c.2ff3b","type":"debug","z":"963455e7.19dc28","name":"","active":true,"tosidebar":true,"console":false,"tostatus":false,"complete":"true","targetType":"full","x":2215.9998779296875,"y":393.00000190734863,"wires":[]},{"id":"3dc00946.fafd76","type":"debug","z":"963455e7.19dc28","name":"","active":true,"tosidebar":true,"console":false,"tostatus":false,"complete":"true","targetType":"full","x":910,"y":160,"wires":[]},{"id":"9c9c2afb.e95c78","type":"debug","z":"963455e7.19dc28","name":"","active":true,"tosidebar":true,"console":false,"tostatus":false,"complete":"true","targetType":"full","x":703.9999771118164,"y":131.00001525878906,"wires":[]},{"id":"3793a5ca.1fe8fa","type":"ui_vega","z":"963455e7.19dc28","group":"8fe720de.908d7","name":"Chart","order":3,"width":"7","height":"5","vega":"","x":2070,"y":1200,"wires":[]},{"id":"3b5e0ad1.e51c26","type":"template","z":"963455e7.19dc28","name":"Vega-Lite Spec","field":"payload","fieldType":"msg","format":"json","syntax":"plain","template":"{\n    \"width\": \"300\",\n    \"height\": \"200\",\n    \"data\": {\n        \"values\": []\n    },\n    \"config\":\n                   {\"title\": {\"color\": \"orange\"}, \n                    \"axis\": {\"titleColor\": \"orange\", \n                             \"domainColor\": \"white\", \n                             \"gridColor\": \"white\",\n                             \"labelColor\": \"orange\", \n                             \"tickColor\": \"orange\"} \n                   },\n    \"layer\": [\n        {\n            \"mark\": \"line\",\n            \"encoding\": {\n                \"x\": {\n                    \"field\": \"timestamp\",\n                    \"type\": \"temporal\"\n                },\n                \"y\": {\n                    \"field\": \"cleanliness\",\n                    \"type\": \"quantitative\",\n                    \"scale\": {\n                        \"zero\": false\n                    }\n                }\n            }\n        }\n    ],\n    \"resolve\": {\n        \"scale\": {\n            \"y\": \"independent\"\n        }\n    }\n}","output":"json","x":1690,"y":1200,"wires":[["ca84f5c1.241d28"]]},{"id":"b10c377b.d22fd8","type":"comment","z":"963455e7.19dc28","name":"↓ Display on Dashboard","info":"","x":2110,"y":1160,"wires":[]},{"id":"dabb76a1.f76098","type":"comment","z":"963455e7.19dc28","name":"↑ Add Data to Spec.","info":"","x":1740,"y":1240,"wires":[]},{"id":"f048c738.0f1d38","type":"comment","z":"963455e7.19dc28","name":"↓ Visualization Spec.","info":"","x":1700,"y":1160,"wires":[]},{"id":"ca84f5c1.241d28","type":"function","z":"963455e7.19dc28","name":"","func":"obj=msg.payload;\n\nobj.data.values = global.get(\"cleanliness\");\n\nmsg.payload = obj;\n\nreturn msg;","outputs":1,"noerr":0,"x":1890,"y":1200,"wires":[["3793a5ca.1fe8fa"]]},{"id":"8191c502.fa04b8","type":"ui_numeric","z":"963455e7.19dc28","name":"","label":"Threshold","tooltip":"","group":"cdc071b8.80372","order":5,"width":0,"height":0,"wrap":false,"passthru":true,"topic":"","format":"{{value}}","min":0,"max":"1","step":"0.1","x":1200,"y":320,"wires":[["e35c93a4.56fd6"]]},{"id":"fd94fb6c.5e2be8","type":"ui_button","z":"963455e7.19dc28","name":"","group":"cdc071b8.80372","order":11,"width":0,"height":0,"passthru":false,"label":"Save","tooltip":"","color":"","bgcolor":"","icon":"","payload":"","payloadType":"str","topic":"","x":1710,"y":280,"wires":[["b217bd54.69446"]]},{"id":"1e2e0fc.cdde6f","type":"ui_text_input","z":"963455e7.19dc28","name":"","label":"Shoot Interval","tooltip":"","group":"cdc071b8.80372","order":4,"width":0,"height":0,"passthru":true,"mode":"number","delay":300,"topic":"shoot_interval","x":1220,"y":280,"wires":[["3453bbb6.c174d4","8afdef50.0cb71"]]},{"id":"d3ed125f.6302d","type":"ui_text_input","z":"963455e7.19dc28","name":"","label":"Data Path","tooltip":"","group":"cdc071b8.80372","order":9,"width":0,"height":0,"passthru":true,"mode":"text","delay":300,"topic":"","x":1200,"y":520,"wires":[["290f48ea.2a4778"]]},{"id":"681e0b74.bb03b4","type":"ui_text_input","z":"963455e7.19dc28","name":"","label":"Image Path","tooltip":"","group":"cdc071b8.80372","order":10,"width":0,"height":0,"passthru":true,"mode":"text","delay":300,"topic":"","x":1210,"y":560,"wires":[["1c898ce4.bffac3"]]},{"id":"f6ee509a.433a5","type":"ui_text_input","z":"963455e7.19dc28","name":"","label":"Email_Adress","tooltip":"","group":"cdc071b8.80372","order":8,"width":0,"height":0,"passthru":true,"mode":"text","delay":300,"topic":"","x":1220,"y":460,"wires":[["4468b09a.a7fb7"]]},{"id":"ef2db0e3.cc1ae","type":"ui_switch","z":"963455e7.19dc28","name":"","label":"Email Notify","tooltip":"","group":"cdc071b8.80372","order":7,"width":0,"height":0,"passthru":true,"decouple":"false","topic":"","style":"","onvalue":"true","onvalueType":"bool","onicon":"","oncolor":"","offvalue":"false","offvalueType":"bool","officon":"","offcolor":"","x":1210,"y":420,"wires":[["19ce7dd8.6b0a42"]]},{"id":"3ce1024b.08fcce","type":"ui_switch","z":"963455e7.19dc28","name":"","label":"Sound Notify","tooltip":"","group":"cdc071b8.80372","order":6,"width":0,"height":0,"passthru":true,"decouple":"false","topic":"","style":"","onvalue":"true","onvalueType":"bool","onicon":"","oncolor":"","offvalue":"false","offvalueType":"bool","officon":"","offcolor":"","x":1210,"y":380,"wires":[["1150fb13.f51445"]]},{"id":"12a6a183.c24ede","type":"ui_button","z":"963455e7.19dc28","name":"","group":"cdc071b8.80372","order":1,"width":"1","height":"1","passthru":false,"label":"Road","tooltip":"","color":"","bgcolor":"","icon":"","payload":"","payloadType":"str","topic":"","x":230,"y":340,"wires":[["ca659d7a.466a"]]},{"id":"3453bbb6.c174d4","type":"debug","z":"963455e7.19dc28","name":"","active":true,"tosidebar":true,"console":false,"tostatus":false,"complete":"true","targetType":"full","x":1370,"y":220,"wires":[]},{"id":"8afdef50.0cb71","type":"function","z":"963455e7.19dc28","name":"グローバル変数書き出し","func":"\nglobal.set(\"Shoot_interval\",msg.payload);\nreturn msg;","outputs":1,"noerr":0,"x":1490,"y":280,"wires":[[]]},{"id":"126eab5a.6ed2f5","type":"ui_audio","z":"963455e7.19dc28","name":"","group":"cdc071b8.80372","voice":"ja-JP","always":"","x":1240,"y":1420,"wires":[]},{"id":"4aceb1a5.70a54","type":"inject","z":"963455e7.19dc28","name":"","topic":"","payload":"","payloadType":"date","repeat":"","crontab":"","once":true,"onceDelay":0.1,"x":200,"y":1320,"wires":[["1d55b940.c05767"]]},{"id":"7b8f1646.e2b2d8","type":"function","z":"963455e7.19dc28","name":"メール通知設定","func":"var threshold = msg.payload.threshold\nvar data = global.get(\"cleanliness\")\nvar clean = data.pop()\nvar email = msg.payload.email_notify\n\nif(threshold < clean && email ===true){\n    msg.payload = \"部屋が散らかっています\";\n    msg.topic = \"部屋が散らかっています\"\n    return msg;\n}else{\n    return null;\n}\n\n\n","outputs":1,"noerr":0,"x":1010,"y":1320,"wires":[["32c9f761.20af68","f154b8a.b185348"]]},{"id":"e35c93a4.56fd6","type":"function","z":"963455e7.19dc28","name":"グローバル変数書き出し","func":"\nglobal.set(\"Threshold\",msg.payload);\nreturn msg;","outputs":1,"noerr":0,"x":1490,"y":320,"wires":[[]]},{"id":"1150fb13.f51445","type":"function","z":"963455e7.19dc28","name":"グローバル変数書き出し","func":"\nglobal.set(\"Sound_notify\",msg.payload);\nreturn msg;","outputs":1,"noerr":0,"x":1490,"y":380,"wires":[[]]},{"id":"19ce7dd8.6b0a42","type":"function","z":"963455e7.19dc28","name":"グローバル変数書き出し","func":"\nglobal.set(\"Email_notify\",msg.payload);\nreturn msg;","outputs":1,"noerr":0,"x":1490,"y":420,"wires":[[]]},{"id":"4468b09a.a7fb7","type":"function","z":"963455e7.19dc28","name":"グローバル変数書き出し","func":"\nglobal.set(\"Email_adress\",msg.payload);\nreturn msg;","outputs":1,"noerr":0,"x":1490,"y":460,"wires":[[]]},{"id":"290f48ea.2a4778","type":"function","z":"963455e7.19dc28","name":"グローバル変数書き出し","func":"\nglobal.set(\"Data_path\",msg.payload);\nreturn msg;","outputs":1,"noerr":0,"x":1490,"y":520,"wires":[[]]},{"id":"1c898ce4.bffac3","type":"function","z":"963455e7.19dc28","name":"グローバル変数書き出し","func":"\nglobal.set(\"Image_path\",msg.payload);\nreturn msg;","outputs":1,"noerr":0,"x":1490,"y":560,"wires":[[]]},{"id":"e34b35ad.b88b88","type":"function","z":"963455e7.19dc28","name":"初期値","func":"data = msg.payload;\n\nmsg.payload= data.shoot_interval\nreturn msg;","outputs":1,"noerr":0,"x":970,"y":280,"wires":[["1e2e0fc.cdde6f"]]},{"id":"b4f5ac96.b9de5","type":"function","z":"963455e7.19dc28","name":"初期値","func":"data = msg.payload;\n\nmsg.payload= data.threshold\nreturn msg;","outputs":1,"noerr":0,"x":970,"y":320,"wires":[["8191c502.fa04b8"]]},{"id":"7951f45e.653b2c","type":"function","z":"963455e7.19dc28","name":"初期値","func":"data = msg.payload;\n\nmsg.payload= data.sound_notify\nreturn msg;","outputs":1,"noerr":0,"x":970,"y":360,"wires":[["3ce1024b.08fcce"]]},{"id":"3e0b6de8.209c52","type":"function","z":"963455e7.19dc28","name":"初期値","func":"data = msg.payload;\n\nmsg.payload= data.email_notify\nreturn msg;","outputs":1,"noerr":0,"x":970,"y":400,"wires":[["ef2db0e3.cc1ae"]]},{"id":"248a04c8.7cf3ac","type":"function","z":"963455e7.19dc28","name":"初期値","func":"data = msg.payload;\n\nmsg.payload= data.email_adress\nreturn msg;","outputs":1,"noerr":0,"x":970,"y":460,"wires":[["f6ee509a.433a5"]]},{"id":"d00c9395.4be36","type":"function","z":"963455e7.19dc28","name":"初期値","func":"data = msg.payload;\n\nmsg.payload= data.data_path\n\nreturn msg;","outputs":1,"noerr":0,"x":970,"y":500,"wires":[["d3ed125f.6302d"]]},{"id":"77117f07.b812c","type":"function","z":"963455e7.19dc28","name":"初期値","func":"data = msg.payload;\n\nmsg.payload= data.image_path\nreturn msg;","outputs":1,"noerr":0,"x":970,"y":560,"wires":[["681e0b74.bb03b4"]]},{"id":"1d503575.7dc4ab","type":"ui_toast","z":"963455e7.19dc28","position":"dialog","displayTime":"3","highlight":"","sendall":true,"outputs":1,"ok":"OK","cancel":"","raw":false,"topic":"","name":"","x":2530,"y":280,"wires":[[]]},{"id":"377ff4bb.4597dc","type":"function","z":"963455e7.19dc28","name":"saved","func":"\nmsg.payload = \"Setting saved!\";\nreturn msg;","outputs":1,"noerr":0,"x":2370,"y":280,"wires":[["1d503575.7dc4ab"]]},{"id":"5c581eed.933c5","type":"comment","z":"963455e7.19dc28","name":"通知系","info":"","x":200,"y":1240,"wires":[]},{"id":"cabe6943.68aeb8","type":"ui_button","z":"963455e7.19dc28","name":"","group":"8fe720de.908d7","order":1,"width":"1","height":"1","passthru":false,"label":"Road","tooltip":"","color":"","bgcolor":"","icon":"","payload":"","payloadType":"str","topic":"","x":230,"y":960,"wires":[["392049ef.bc5e96"]]},{"id":"ecf336f4.3d20f8","type":"function","z":"963455e7.19dc28","name":"初期値","func":"data = msg.payload;\n\nmsg.payload= data.refresh_interval\nreturn msg;","outputs":1,"noerr":0,"x":980,"y":620,"wires":[["9bdbc60.d824238"]]},{"id":"9bdbc60.d824238","type":"ui_text_input","z":"963455e7.19dc28","name":"","label":"Refresh Interval","tooltip":"","group":"cdc071b8.80372","order":3,"width":0,"height":0,"passthru":true,"mode":"number","delay":300,"topic":"shoot_interval","x":1220,"y":620,"wires":[["8b5db6dc.9b3fe8"]]},{"id":"8b5db6dc.9b3fe8","type":"function","z":"963455e7.19dc28","name":"グローバル変数書き出し","func":"\nglobal.set(\"Refresh_interval\",msg.payload);\nreturn msg;","outputs":1,"noerr":0,"x":1490,"y":620,"wires":[[]]},{"id":"32c9f761.20af68","type":"e-mail","z":"963455e7.19dc28","server":"smtp.gmail.com","port":"465","secure":true,"tls":true,"name":"hirokikanai1222@gmail.com","dname":"","x":1290,"y":1320,"wires":[]},{"id":"1a1d4f47.f88721","type":"ui_gauge","z":"963455e7.19dc28","name":"","group":"8fe720de.908d7","order":2,"width":"7","height":"4","gtype":"gage","title":"cleanliness","label":"units","format":"{{value}}","min":0,"max":"1","colors":["#00b500","#e6e600","#ca3838"],"seg1":"0.3","seg2":"0.7","x":1930,"y":860,"wires":[]},{"id":"cd2639cc.1804c8","type":"function","z":"963455e7.19dc28","name":"最新値抽出","func":"\ndata = global.get(\"cleanliness\")\nclean = data.pop()\n\nmsg.payload = clean.cleanliness;\nreturn msg;","outputs":1,"noerr":0,"x":1750,"y":860,"wires":[["1a1d4f47.f88721","10059261.612a2e"]]},{"id":"4258152b.83b7fc","type":"ui_template","z":"963455e7.19dc28","group":"8fe720de.908d7","name":"デコードした画像の表示","order":5,"width":"7","height":"7","format":"\n<body>\n\t<h1><font size=\"3\">Last Update : {{msg.time}}</font></h1>\n\t\t<img src=\"data:image/png;base64,{{msg.payload}}\">\n</body>","storeOutMessages":true,"fwdInMessages":true,"resendOnRefresh":true,"templateScope":"local","x":2340,"y":1000,"wires":[[]]},{"id":"6ec0e7c4.0e5828","type":"file in","z":"963455e7.19dc28","name":"画像エンコード","filename":"","format":"utf8","chunk":false,"sendError":false,"encoding":"base64","x":1920,"y":1000,"wires":[["6d587303.d90b0c"]]},{"id":"823bd35d.c433f","type":"comment","z":"963455e7.19dc28","name":"写真表示","info":"","x":2200,"y":1040,"wires":[]},{"id":"6d587303.d90b0c","type":"function","z":"963455e7.19dc28","name":"更新日時","func":"var nowDate=new Date();\nmsg.time=nowDate.toLocaleString(\"ja-JP\");\n\n\nreturn msg;\n","outputs":1,"noerr":0,"x":2120,"y":1000,"wires":[["4258152b.83b7fc"]]},{"id":"a302e299.1f67f","type":"comment","z":"963455e7.19dc28","name":"ゲージ","info":"","x":1850,"y":800,"wires":[]},{"id":"392049ef.bc5e96","type":"file in","z":"963455e7.19dc28","name":"設定ファイル読み込み","filename":"settings.json","format":"utf8","chunk":false,"sendError":false,"x":430,"y":960,"wires":[["1f977f0c.4b9b41"]]},{"id":"1f977f0c.4b9b41","type":"json","z":"963455e7.19dc28","name":"","property":"payload","action":"obj","pretty":false,"x":630,"y":960,"wires":[["3e8a0231.3bc50e"]]},{"id":"3e8a0231.3bc50e","type":"function","z":"963455e7.19dc28","name":"ディレクトリ情報","func":"data = msg.payload;\n\nmsg.image= data.image_path;\nmsg.filename= data.data_path;\nreturn msg;","outputs":1,"noerr":0,"x":810,"y":960,"wires":[["644aa836.5d8cc8"]]},{"id":"ea467d96.cbd9d","type":"function","z":"963455e7.19dc28","name":"","func":"msg.filename = msg.image\nreturn msg;","outputs":1,"noerr":0,"x":1630,"y":960,"wires":[["90c62e64.e24eb"]]},{"id":"68fd5378.f98fac","type":"function","z":"963455e7.19dc28","name":"通知設定","func":"data = msg.payload;\n\nmsg.to= data.email_adress;\n\n\nreturn msg;","outputs":1,"noerr":0,"x":780,"y":1320,"wires":[["7b8f1646.e2b2d8","5c7ebeee.ee832","13d9f517.7a845b"]]},{"id":"1d55b940.c05767","type":"file in","z":"963455e7.19dc28","name":"設定ファイル読み込み","filename":"settings.json","format":"utf8","chunk":false,"sendError":false,"x":430,"y":1320,"wires":[["360e9288.16758e"]]},{"id":"360e9288.16758e","type":"json","z":"963455e7.19dc28","name":"","property":"payload","action":"obj","pretty":false,"x":630,"y":1320,"wires":[["68fd5378.f98fac"]]},{"id":"5c7ebeee.ee832","type":"function","z":"963455e7.19dc28","name":"音声通知設定","func":"var threshold = msg.payload.threshold\nvar data = global.get(\"cleanliness\")\nvar clean = data.pop()\n\nif(threshold < clean && msg.payload.sound_notify ===true){\n    msg.payload = \"部屋が散らかっています\";\n    return msg;\n}else{\n    return null;\n}\n\n\n","outputs":1,"noerr":0,"x":1020,"y":1420,"wires":[["126eab5a.6ed2f5","978bddfc.5ffd9"]]},{"id":"978bddfc.5ffd9","type":"debug","z":"963455e7.19dc28","name":"","active":true,"tosidebar":true,"console":false,"tostatus":false,"complete":"true","targetType":"full","x":1110,"y":1500,"wires":[]},{"id":"f154b8a.b185348","type":"debug","z":"963455e7.19dc28","name":"","active":false,"tosidebar":true,"console":false,"tostatus":false,"complete":"true","targetType":"full","x":1010,"y":1160,"wires":[]},{"id":"13d9f517.7a845b","type":"debug","z":"963455e7.19dc28","name":"","active":true,"tosidebar":true,"console":false,"tostatus":false,"complete":"true","targetType":"full","x":750,"y":1140,"wires":[]},{"id":"baca934c.517cd","type":"comment","z":"963455e7.19dc28","name":"ランキング画面","info":"","x":240,"y":1580,"wires":[]},{"id":"1ac19368.8a819d","type":"ui_gauge","z":"963455e7.19dc28","name":"","group":"86fb0a24.c01108","order":1,"width":0,"height":0,"gtype":"donut","title":"今月のポイント","label":"pts","format":"{{value}}","min":0,"max":"0.1","colors":["#00b500","#00b500","#00b500"],"seg1":"","seg2":"","x":580,"y":1620,"wires":[]},{"id":"81f72a44.76fda8","type":"inject","z":"963455e7.19dc28","name":"","topic":"","payload":"","payloadType":"date","repeat":"","crontab":"","once":true,"onceDelay":0.1,"x":180,"y":1620,"wires":[["6340adf1.897224","c60acb17.6f5338"]]},{"id":"6340adf1.897224","type":"change","z":"963455e7.19dc28","name":"","rules":[{"t":"set","p":"payload","pt":"msg","to":"70","tot":"str"}],"action":"","property":"","from":"","to":"","reg":false,"x":380,"y":1620,"wires":[["1ac19368.8a819d"]]},{"id":"c03bbc45.5859a","type":"ui_button","z":"963455e7.19dc28","name":"","group":"86fb0a24.c01108","order":5,"width":"2","height":"1","passthru":false,"label":"ポイント交換","tooltip":"","color":"","bgcolor":"","icon":"","payload":"","payloadType":"str","topic":"","x":560,"y":1800,"wires":[[]]},{"id":"9d15aa7d.40bed8","type":"ui_button","z":"963455e7.19dc28","name":"","group":"86fb0a24.c01108","order":6,"width":"2","height":"1","passthru":false,"label":"マッチング","tooltip":"","color":"","bgcolor":"","icon":"","payload":"","payloadType":"str","topic":"","x":750,"y":1800,"wires":[[]]},{"id":"f5704f50.c77f6","type":"ui_button","z":"963455e7.19dc28","name":"","group":"86fb0a24.c01108","order":4,"width":"2","height":"1","passthru":false,"label":"累積ポイント","tooltip":"","color":"","bgcolor":"","icon":"","payload":"","payloadType":"str","topic":"","x":360,"y":1800,"wires":[[]]},{"id":"b8e00da1.52d8f","type":"ui_gauge","z":"963455e7.19dc28","name":"","group":"86fb0a24.c01108","order":1,"width":0,"height":0,"gtype":"compass","title":"順位","label":"位","format":"{{value}}","min":0,"max":"1024","colors":["#00b500","#00b500","#00b500"],"seg1":"","seg2":"","x":550,"y":1680,"wires":[]},{"id":"c60acb17.6f5338","type":"change","z":"963455e7.19dc28","name":"","rules":[{"t":"set","p":"payload","pt":"msg","to":"634","tot":"str"}],"action":"","property":"","from":"","to":"","reg":false,"x":380,"y":1680,"wires":[["b8e00da1.52d8f"]]},{"id":"afc76fa2.ab653","type":"inject","z":"963455e7.19dc28","name":"","topic":"","payload":"","payloadType":"date","repeat":"","crontab":"","once":true,"onceDelay":0.1,"x":1800,"y":920,"wires":[["90c62e64.e24eb"]]},{"id":"d389aca.dcdcc5","type":"debug","z":"963455e7.19dc28","name":"","active":false,"tosidebar":true,"console":false,"tostatus":false,"complete":"true","targetType":"full","x":2350,"y":920,"wires":[]},{"id":"fb14e2cd.d91c9","type":"function","z":"963455e7.19dc28","name":"","func":"var data = msg.payload;\nvar datenum = [];\n\nfor(i=0;i<data.length;i++){\n    datenum[i] = Number(data[i].slice(0,12))\n}\n\ndatemax = Math.max.apply(null,datenum);\n\n\nvar imgname = String(datemax);\nvar datedir = imgname.slice(0,8)\n\n\nvar imgdir = msg.config.start+\"/\"+datedir+\"/\"+imgname+\".jpg\"\n\nmsg.filename = imgdir;\n\nreturn msg;","outputs":1,"noerr":0,"x":2190,"y":920,"wires":[["d389aca.dcdcc5","6ec0e7c4.0e5828"]]},{"id":"5ffb6868.f326b8","type":"debug","z":"963455e7.19dc28","name":"","active":false,"tosidebar":true,"console":false,"tostatus":false,"complete":"true","targetType":"full","x":2190,"y":860,"wires":[]},{"id":"90c62e64.e24eb","type":"fs-file-lister","z":"963455e7.19dc28","name":"","start":"/home/pi/room","pattern":"*.*","folders":"*","hidden":false,"lstype":"files","path":false,"single":true,"depth":"1","stat":false,"showWarnings":true,"x":2040,"y":920,"wires":[["fb14e2cd.d91c9","5ffb6868.f326b8"]]},{"id":"aa0a35d.2659ac8","type":"debug","z":"963455e7.19dc28","name":"","active":false,"tosidebar":true,"console":false,"tostatus":false,"complete":"true","targetType":"full","x":1139.6328125,"y":1040.43359375,"wires":[]},{"id":"10059261.612a2e","type":"debug","z":"963455e7.19dc28","name":"","active":false,"tosidebar":true,"console":false,"tostatus":false,"complete":"true","targetType":"full","x":1743.76953125,"y":762.75390625,"wires":[]},{"id":"ca605a4f.496268","type":"debug","z":"963455e7.19dc28","name":"","active":false,"tosidebar":true,"console":false,"tostatus":false,"complete":"true","targetType":"full","x":1569.76953125,"y":762.75390625,"wires":[]},{"id":"e7de5f8.f4bf5a","type":"debug","z":"963455e7.19dc28","name":"","active":false,"tosidebar":true,"console":false,"tostatus":false,"complete":"true","targetType":"full","x":1325.76953125,"y":1032.75390625,"wires":[]}]